Code,Sequence,Email,Active
INSP-0001-ALFA,1,undefined,true
INSP-0002-BETA,2,undefined,true
INSP-0003-CHAR,3,undefined,true
INSP-0004-DELT,4,undefined,true
INSP-0005-ECHO,5,undefined,true
INSP-0006-FXTX,6,undefined,true
INSP-0007-GOLF,7,undefined,true
INSP-0008-HOTL,8,undefined,true
INSP-0009-INDI,9,undefined,true
INSP-0010-JULI,10,undefined,true
INSP-0011-KILO,11,undefined,true
INSP-0012-LIMA,12,undefined,true
INSP-0013-MIKE,13,undefined,true
INSP-0014-NOVA,14,undefined,true
INSP-0015-OSCA,15,undefined,true
INSP-0016-PAPA,16,undefined,true
INSP-0017-QUBE,17,undefined,true
INSP-0018-ROME,18,undefined,true
INSP-0019-SIER,19,undefined,true
INSP-0020-TANG,20,undefined,true
INSP-0021-UNIC,21,undefined,true
INSP-0022-VICT,22,undefined,true
INSP-0023-WHIS,23,undefined,true
INSP-0024-XRAY,24,undefined,true
INSP-0025-YANK,25,undefined,true
INSP-0026-ZULU,26,undefined,true
INSP-0027-ALFA,27,undefined,true
INSP-0028-BETA,28,undefined,true
INSP-0029-CHAR,29,undefined,true
INSP-0030-DELT,30,undefined,true
INSP-0031-ECHO,31,undefined,true
INSP-0032-FXTX,32,undefined,true
INSP-0033-GOLF,33,undefined,true
INSP-0034-HOTL,34,undefined,true
INSP-0035-INDI,35,undefined,true
INSP-0036-JULI,36,undefined,true
INSP-0037-KILO,37,undefined,true
INSP-0038-LIMA,38,undefined,true
INSP-0039-MIKE,39,undefined,true
INSP-0040-NOVA,40,undefined,true
INSP-0041-OSCA,41,undefined,true
INSP-0042-PAPA,42,undefined,true
INSP-0043-QUBE,43,undefined,true
INSP-0044-ROME,44,undefined,true
INSP-0045-SIER,45,undefined,true
INSP-0046-TANG,46,undefined,true
INSP-0047-UNIC,47,undefined,true
INSP-0048-VICT,48,undefined,true
INSP-0049-WHIS,49,undefined,true
INSP-0050-XRAY,50,undefined,true
INSP-0051-YANK,51,undefined,true
INSP-0052-ZULU,52,undefined,true
INSP-0053-ALFA,53,undefined,true
INSP-0054-BETA,54,undefined,true
INSP-0055-CHAR,55,undefined,true
INSP-0056-DELT,56,undefined,true
INSP-0057-ECHO,57,undefined,true
INSP-0058-FXTX,58,undefined,true
INSP-0059-GOLF,59,undefined,true
INSP-0060-HOTL,60,undefined,true
INSP-0061-INDI,61,undefined,true
INSP-0062-JULI,62,undefined,true
INSP-0063-KILO,63,undefined,true
INSP-0064-LIMA,64,undefined,true
INSP-0065-MIKE,65,undefined,true
INSP-0066-NOVA,66,undefined,true
INSP-0067-OSCA,67,undefined,true
INSP-0068-PAPA,68,undefined,true
INSP-0069-QUBE,69,undefined,true
INSP-0070-ROME,70,undefined,true
INSP-0071-SIER,71,undefined,true
INSP-0072-TANG,72,undefined,true
INSP-0073-UNIC,73,undefined,true
INSP-0074-VICT,74,undefined,true
INSP-0075-WHIS,75,undefined,true
INSP-0076-XRAY,76,undefined,true
INSP-0077-YANK,77,undefined,true
INSP-0078-ZULU,78,undefined,true
INSP-0079-ALFA,79,undefined,true
INSP-0080-BETA,80,undefined,true
INSP-0081-CHAR,81,undefined,true
INSP-0082-DELT,82,undefined,true
INSP-0083-ECHO,83,undefined,true
INSP-0084-FXTX,84,undefined,true
INSP-0085-GOLF,85,undefined,true
INSP-0086-HOTL,86,undefined,true
INSP-0087-INDI,87,undefined,true
INSP-0088-JULI,88,undefined,true
INSP-0089-KILO,89,undefined,true
INSP-0090-LIMA,90,undefined,true
INSP-0091-MIKE,91,undefined,true
INSP-0092-NOVA,92,undefined,true
INSP-0093-OSCA,93,undefined,true
INSP-0094-PAPA,94,undefined,true
INSP-0095-QUBE,95,undefined,true
INSP-0096-ROME,96,undefined,true
INSP-0097-SIER,97,undefined,true
INSP-0098-TANG,98,undefined,true
INSP-0099-UNIC,99,undefined,true
INSP-0100-VICT,100,undefined,true